pwsid,gw_af,year,name
CA2110003,0,2013,NORTH MARIN WATER DISTRICT
CA4910009,1129.35152,2013,"SANTA ROSA, CITY OF"
CA4910014,1341.10493,2013,"ROHNERT PARK, CITY OF"
CA4910027,212.06631402440001,2013,SONOMA STATE UNIVERSITY
CA4910006,163.59945701,2013,"PETALUMA, CITY OF"
CA4910012,173.42,2013,"SONOMA, CITY OF"
CA4910016,394.971053224,2013,"COTATI, CITY OF"
CA4910011,1153.90264,2013,"SEBASTOPOL, CITY OF"
CA4910013,465.243724,2013,VALLEY OF THE MOON WATER DISTRICT
CA4910023,606.54462627,2013,CALIFORNIA-AMERICAN LARKFIELD (PUC)
CA4901387,0,2013,SONOMA CUTRER
CA4901191,1.5680493455,2013,PARADISE RIDGE WINERY
CA4900561,145.34569929,2013,WILLOWSIDE MUTUAL WATER COMPANY
CA4901193,0.020254674,2013,SCHELLVILLE GRILL
CA4900580,13.281601064688001,2013,SONOMA MOUNTAIN COUNTY WATER DISTRICT
CA4901093,0,2013,MARTINELLI RANCH
CA4901144,8.4394781889,2013,COHN WINERY
CA4900924,0.282030991,2013,FREMONT DINER
CA4901361,0.0811414516,2013,ANABA WINERY
CA4900774,0.3682668,2013,CLOVERLEAF RANCH SUMMER CAMP
CA4901204,7.0123829611,2013,BENZIGER FAMILY WINERY
CA4901298,0.41574866608,2013,LYNMAR WINERY
CA4901083,0.8648807175800001,2013,VINEBURG DELI & GROCERY
CA4901408,0.42176062159,2013,WESTSIDE STORAGE WATER SYSTEM
CA4901273,3.5740599829,2013,"S & W WAREHOUSING, LLC"
CA4900878,4.60245115968,2013,SANTA ROSA GOLF & COUNTRY CLUB
CA4900794,7.72544569038,2013,SUNSET PARK COMMUNITY
CA4901027,0.6103746009900001,2013,CINNABAR THEATER
CA4900588,0,2013,LAWNDALE MUTUAL WATER COMPANY
CA4901274,0.38469763706,2013,NICHOLSON RANCH WINERY
CA4901366,11.762665620970001,2013,LAURA CHENEL'S CHEVRE INC.
CA4900667,52.86590828266,2013,COLLEGE PARK MUTUAL WATER COMPANY
CA4901388,0.9009278995200001,2013,"HEIRS OF MY DREAM WINERY, INC."
CA4900737,20.27941846007,2013,KOA - PETALUMA
CA4901345,2.06378249165,2013,BUCKLEY FAMILY PARTNERSHIP
CA4901297,2.23294891512,2013,PORT SONOMA MARINA
CA4901346,5.4149336494,2013,DELORES LANE WATER SYSTEM
CA4901214,0.70567591105,2013,ADOBE CHRISTIAN CHURCH
CA4901225,0.41644223522,2013,THE RENTAL PLACE
CA4900945,7.342933103,2013,PRESENTATION SCHOOL
CA4901018,7.138545029,2013,GUNDLACH BUNDSCHU WINERY
CA4901120,2.397416868,2013,RAM'S GATE WINERY
CA4901310,3.4064679,2013,JACUZZI WINERY
CA4901278,49.2556845,2013,CLINE CELLARS
CA4901063,0.48770799880000004,2013,CAMPOBELLO
CA4900558,33.4538164455,2013,BELMONT TERRACE MUTUAL WATER COMPANY
CA4901061,0,2013,SONOMA WAREHOUSING
CA4901332,1.5744940145000001,2013,WINE COUNTRY IND PARK - BLDG C
CA4901247,130.46158279000002,2013,CARNEROS WAREHOUSING
CA4901294,0.3810026935,2013,WINE COUNTRY IND PARK-BLDGS A&B
CA4901234,0.01926649142,2013,SONOMA SEVENTH DAY ADVENTIST CHURCH
CA4900909,1.19958613654,2013,CARNEROS DELI
CA4901258,39.67154103,2013,SONOMA LODGE
CA4900559,12.7872667186,2013,FIRCREST MUTUAL WATER COMPANY
CA4900546,9.96468583,2013,HAWKINS WATER CO-CAL WATER SERVICE (PUC)
CA4901328,0.6599341056,2013,COPAIN WINE CELLARS
CA4900721,39.228086425,2013,COLONIAL PARK
CA4900033,0.6464309896,2013,WASHOE HOUSE
CA4901398,3.3500003240000003,2013,HOOK & LADDER VINEYARDS AND WINERY
CA4901139,0.073039582,2013,WILLOWBROOK ALE HOUSE
CA4901094,0,2013,LOMBARDI'S DELI & BBQ
CA4900998,3.1901111550000003,2013,BOISSET - DE LOACH WINERY
CA4901375,0.22096008,2013,BROADWAY MARKET
CA4901324,0.51899226346,2013,FRITSCH INDUSTRIAL PARK
CA4910003,0,2013,PENNGROVE WATER COMPANY (PUC)
CA4910022,61.99281276,2013,CANON MANOR WATER SYSTEM
CA4900545,41.98979894934,2013,"BRANGER MUTUAL WATER COMPANY, INC."
CA4901218,6.03994071791,2013,GROSKOPF WAREHOUSE & LOGISTICS
CA4900787,13.98479056106,2013,PLAZA MOBILE HOME PARK
CA4901269,0.28301303580000003,2013,UNITED RENTALS
CA4900669,7.134693572050001,2013,WENDELL LANE MUTUAL WATER COMPANY
CA4901156,1.66977691122,2013,WILLOWSIDE SCHOOL
CA4900553,12.10471796259,2013,PARK ROYAL MUTUAL WATER COMPANY
CA4901244,7.44715874518,2013,HUMANE SOCIETY OF SONOMA COUNTY
CA4901151,1.8306542628,2013,SCHUG CELLARS
CA4900832,37.33245762312,2013,LEISURE MOBILE HOME PARK
CA4900791,1.18976261965,2013,WESTERN MOBILE HOME PARK
CA4901394,0.5318263614400001,2013,NEVES FAMILY TRUST WATER SYSTEM
CA4900708,3.2808275434,2013,GRAVENSTEIN SCHOOL DISTRICT-GRAVENSTEIN
CA4900817,1.0264823272,2013,CASA DEL MAR
CA4900798,22.6399994414,2013,"MOUNTAIN VIEW MOBILE ESTATES, LLC"
CA4901365,13.50188537511,2013,MICHAEL LUCAS WATER SYSTEM
CA4900799,21.41727694315,2013,EL PORTAL MOBILE ESTATES
CA4901175,0.10565574492,2013,OAK GROVE SCHOOL DISTRICT OFFICE
CA4900904,12.526902091,2013,J VINEYARDS & WINERY
CA4900699,1.53616971618,2013,OLIVET ELEMENTARY SCHOOL
CA4900813,0.047076772600000004,2013,MIDGLEY'S COUNTRY FLEA MARKET
CA4900643,14.60617633937,2013,MOUNT WESKE ESTATES MUTUAL WATER COMPANY
CA4900796,35.6477965954,2013,SANTA ROSA MOBILE ESTATES
CA4900695,0,2013,NORTHWEST PREP
CA4901170,0.13952094607,2013,MICHAEL ELLIS SCHOOL FOR DOG TRAINERS
CA4900694,2.78668715116,2013,WRIGHT ELEMENTARY SCHOOL
CA4901250,7.7031348600800005,2013,SONOMA WEST HOLDINGS INDUSTRIAL PARK
CA4900688,14.64702326527,2013,JOURNEY'S END MOBILE HOME PARK
CA4900788,10.09585939527,2013,EL CRYSTAL MOBILE HOME PARK
CA4901311,5.38709574821,2013,MARK WEST NEIGHBORHOOD CHURCH
CA4900560,13.306762280020001,2013,KELLY MUTUAL WATER COMPANY
CA4901312,13.92969171,2013,BALLETTO VINEYARDS
CA4901336,0,2013,MERRIAM WINERY
CA4900986,1.43521244185,2013,BARTHOLOMEW FOUNDATION
CA4900934,0.66288024,2013,SONOMA WINE SHOP
CA4901195,0.53717236782,2013,MOORLAND AVENUE APARTMENTS
CA4900512,51.18078385255,2013,HAPPY ACRES MUTUAL BENEFIT WATER SYSTEM
CA4900513,10.029132520000001,2013,MADRONE MUTUAL WATER COMPANY
CA4900675,17.66759973,2013,ROSELAND MOBILE HOME PARK
CA4900949,0.137486272,2013,SAINTS PETER & PAUL RUSSIAN CHURCH
CA4900533,4.30981101595,2013,MORTON'S WARM SPRINGS / SONOMA SPRINGS
CA4900901,42.11191315133,2013,SOBRE VISTA WATER COMPANY
CA4900723,34.4943236,2013,SHAMROCK MOBILE HOME PARK
CA4900548,57.35755410000001,2013,HOLLAND HEIGHTS MUTUAL WATER COMPANY
CA4900812,0.81939363,2013,FRIEDMAN BROTHERS HARDWARE
CA4900673,10.741115,2013,ATHENA TERRACE MUTUAL WATER COMPANY
CA4900743,1.141933969,2013,LA CANTERA RACQUET CLUB
CA4901069,0.9935224486,2013,SONOMA VALLEY MOOSE LODGE #2048
CA4900792,10.283543501,2013,WAYSIDE GARDENS MOBILE HOME PARK
CA4900797,12.757498485600001,2013,NORTH STAR MOBILE HOME PARK
CA4901232,16.120572281,2013,LA CREMA WINERY
CA4900795,34.393970897,2013,STONEGATE MOBILE HOME PARK
CA4900728,5.676525833,2013,EVERGREEN MOBILE ESTATES
CA4900907,1.1048004,2013,SUMMERFIELD WALDORF SCHOOL
CA4901008,0.9955601915600001,2013,HESSEL CHURCH
CA4901028,5.53663968902,2013,GLORIA FERRER CAVES
CA4901165,0.078256695,2013,JEHOVAH S WITNESSES HALL
CA4900693,16.776087185,2013,BELLEVUE UNION SCH DIST-BELLEVUE SCHOOL
CA4900853,0.81061046682,2013,PACK JACK BAR-B-QUE/WITHERS WATER
CA4901236,11.72572846093,2013,"VINO FARMS, INC. - PRESTON RANCH"
CA4901393,4.828898415,2013,BOISSET - BUENA VISTA WINERY
CA4901254,13.097715631,2013,KJ CARNEROS  HILLS WINERY
CA4900925,66.63709796194,2013,SEBASTIANI VINEYARDS
CA4901262,12.182572633000001,2013,FRANCISCAN VINEYARDS DBA QUARRY WINERY
CA4901390,12.585327618820001,2013,CHALK HILL WINERY
CA4901080,0.3223868945,2013,SPEEDWAY SONOMA LLC
CA4901198,0.0935090783,2013,SONOMA DEVELOPMENTAL CENTER-CAMP VIA
CA4910202,0,2013,SONOMA DEVELOPMENTAL CENTER
CA4910304,0.9964685830000001,2013,CSP-PETALUMA ADOBE STATE HISTORIC PARK
CA4900973,28.4690797963,2013,GEORGE RANCH MUTUAL WATER COMPANY
CA4900871,28.3770130963,2013,DE ANZA MOON VALLEY WATER COMPANY
CA4901407,1.27487521491,2013,SANTA ROSA LIQUOR AND DELI
CA4901321,0.480281285,2013,SUNCE WINERY
CA4901300,0,2013,WINDY HILL WINERY
CA2110003,0,2014,NORTH MARIN WATER DISTRICT
CA4910009,1138.55819,2014,"SANTA ROSA, CITY OF"
CA4901370,57.435626661600004,2014,SUTTER SANTA ROSA REGIONAL HOSPITAL
CA4910006,129.62070693,2014,"PETALUMA, CITY OF"
CA4910023,553.52341374,2014,CALIFORNIA-AMERICAN LARKFIELD (PUC)
CA4910012,154.6,2014,"SONOMA, CITY OF"
CA4910016,117.07201572000001,2014,"COTATI, CITY OF"
CA4910013,526.738,2014,VALLEY OF THE MOON WATER DISTRICT
CA4910027,217.94980579900002,2014,SONOMA STATE UNIVERSITY
CA4910014,1589.6850200000001,2014,"ROHNERT PARK, CITY OF"
CA4910011,1021.019703,2014,"SEBASTOPOL, CITY OF"
CA4901086,1.8149722349000001,2014,KENDALL-JACKSON WINE CENTER
CA4900720,35.284562775,2014,MOBILE HOME ESTATES
CA4900580,17.55711969,2014,SONOMA MOUNTAIN COUNTY WATER DISTRICT
CA4901073,0,2014,GRAY WATER SYSTEM
CA4901080,0.6668513836600001,2014,SPEEDWAY SONOMA LLC
CA4901198,0.2652441627,2014,SONOMA DEVELOPMENTAL CENTER-CAMP VIA
CA4910202,0,2014,SONOMA DEVELOPMENTAL CENTER
CA4910304,0.812028294,2014,CSP-PETALUMA ADOBE STATE HISTORIC PARK
CA4901258,40.0872221805,2014,SONOMA LODGE
CA4901321,0.36196329994000004,2014,SUNCE WINERY
CA4900897,52.649263062,2014,RODNEY STRONG VINEYARDS
CA4901063,0.3012115535,2014,CAMPOBELLO
CA4901300,0.88384032,2014,WINDY HILL WINERY
CA4901234,1.375783387,2014,SONOMA SEVENTH DAY ADVENTIST CHURCH
CA4900558,28.632129922,2014,BELMONT TERRACE MUTUAL WATER COMPANY
CA4901328,4.71294961302,2014,COPAIN WINE CELLARS
CA4900909,1.19060042662,2014,CARNEROS DELI
CA4900559,18.677034373250002,2014,FIRCREST MUTUAL WATER COMPANY
CA4901275,0,2014,CORNERSTONE SONOMA
CA4900513,7.23043680227,2014,MADRONE MUTUAL WATER COMPANY
CA4900533,4.18766612506,2014,MORTON'S WARM SPRINGS / SONOMA SPRINGS
CA4900675,8.857737207,2014,ROSELAND MOBILE HOME PARK
CA4900949,0.06293372723,2014,SAINTS PETER & PAUL RUSSIAN CHURCH
CA4900901,40.58907469331,2014,SOBRE VISTA WATER COMPANY
CA4900723,26.24514728,2014,SHAMROCK MOBILE HOME PARK
CA4900548,49.010173300000005,2014,HOLLAND HEIGHTS MUTUAL WATER COMPANY
CA4900673,10.741115,2014,ATHENA TERRACE MUTUAL WATER COMPANY
CA4900728,4.79974396,2014,EVERGREEN MOBILE ESTATES
CA4900795,29.42758621,2014,STONEGATE MOBILE HOME PARK
CA4901232,15.771639488,2014,LA CREMA WINERY
CA4900913,10.757380117,2014,ROBIN WAY WATER SYSTEM
CA4900797,9.7482063294,2014,NORTH STAR MOBILE HOME PARK
CA4900792,18.385106212,2014,WAYSIDE GARDENS MOBILE HOME PARK
CA4900871,108.42463557805,2014,DE ANZA MOON VALLEY WATER COMPANY
CA4900907,0.111093818,2014,SUMMERFIELD WALDORF SCHOOL
CA4901008,1.21377975279,2014,HESSEL CHURCH
CA4901028,5.22589309429,2014,GLORIA FERRER CAVES
CA4901332,17.5814866766,2014,WINE COUNTRY IND PARK - BLDG C
CA4901247,10.585829166,2014,CARNEROS WAREHOUSING
CA4901061,11.25668852,2014,SONOMA WAREHOUSING
CA4901294,5.46957216696,2014,WINE COUNTRY IND PARK-BLDGS A&B
CA4901413,0.49716018,2014,EIGHTH STREET EAST PARTNERS
CA4901165,0.0560072425,2014,JEHOVAH S WITNESSES HALL
CA4900853,1.40470460636,2014,PACK JACK BAR-B-QUE/WITHERS WATER
CA4901236,10.217562366000001,2014,"VINO FARMS, INC. - PRESTON RANCH"
CA4900512,42.46224228928,2014,HAPPY ACRES MUTUAL BENEFIT WATER SYSTEM
CA4900693,0,2014,BELLEVUE UNION SCH DIST-BELLEVUE SCHOOL
CA4901254,12.669013180230001,2014,KJ CARNEROS  HILLS WINERY
CA4901387,0.003989557,2014,SONOMA CUTRER
CA4901393,5.791274698990001,2014,BOISSET - BUENA VISTA WINERY
CA4901120,2.4920706422700003,2014,RAM'S GATE WINERY
CA4900925,89.61772578,2014,SEBASTIANI VINEYARDS
CA4901262,11.123805583000001,2014,FRANCISCAN VINEYARDS DBA QUARRY WINERY
CA4901018,7.717030794,2014,GUNDLACH BUNDSCHU WINERY
CA4901390,14.13756604304,2014,CHALK HILL WINERY
CA4901310,3.4064679,2014,JACUZZI WINERY
CA4901278,49.2556845,2014,CLINE CELLARS
CA4901324,0.3236758283,2014,FRITSCH INDUSTRIAL PARK
CA4910003,0,2014,PENNGROVE WATER COMPANY (PUC)
CA4910022,57.27976119,2014,CANON MANOR WATER SYSTEM
CA4900812,0.11048004,2014,FRIEDMAN BROTHERS HARDWARE
CA4900545,29.04405168225,2014,"BRANGER MUTUAL WATER COMPANY, INC."
CA4901361,0.11335558993,2014,ANABA WINERY
CA4900791,10.45003385239,2014,WESTERN MOBILE HOME PARK
CA4901250,9.41750888078,2014,SONOMA WEST HOLDINGS INDUSTRIAL PARK
CA4901269,0.06343702519,2014,UNITED RENTALS
CA4900669,8.67580113224,2014,WENDELL LANE MUTUAL WATER COMPANY
CA4901156,1.34545047824,2014,WILLOWSIDE SCHOOL
CA4900694,3.71168742384,2014,WRIGHT ELEMENTARY SCHOOL
CA4900787,12.8683467924,2014,PLAZA MOBILE HOME PARK
CA4901170,0.23880874424,2014,MICHAEL ELLIS SCHOOL FOR DOG TRAINERS
CA4901286,1.0203721672100001,2014,KELLER ESTATE WINERY
CA4900796,38.1877020261,2014,SANTA ROSA MOBILE ESTATES
CA4901151,1.81222864724,2014,SCHUG CELLARS
CA4901175,0.09598874142000001,2014,OAK GROVE SCHOOL DISTRICT OFFICE
CA4900699,1.19682413554,2014,OLIVET ELEMENTARY SCHOOL
CA4901244,6.73436300933,2014,HUMANE SOCIETY OF SONOMA COUNTY
CA4900695,1.81064816889,2014,NORTHWEST PREP
CA4900708,3.3176849123000003,2014,GRAVENSTEIN SCHOOL DISTRICT-GRAVENSTEIN
CA4901340,0.24374658825,2014,FOG CREST WINERY
CA4900553,10.844558075230001,2014,PARK ROYAL MUTUAL WATER COMPANY
CA4900832,32.04119103405,2014,LEISURE MOBILE HOME PARK
CA4900798,21.72111853538,2014,"MOUNTAIN VIEW MOBILE ESTATES, LLC"
CA4901365,14.707544844960001,2014,MICHAEL LUCAS WATER SYSTEM
CA4900813,0.08612839785,2014,MIDGLEY'S COUNTRY FLEA MARKET
CA4900643,9.03302606602,2014,MOUNT WESKE ESTATES MUTUAL WATER COMPANY
CA4900688,16.36221054182,2014,JOURNEY'S END MOBILE HOME PARK
CA4900799,27.57919069411,2014,EL PORTAL MOBILE ESTATES
CA4900788,7.857825329420001,2014,EL CRYSTAL MOBILE HOME PARK
CA4901218,5.63158193895,2014,GROSKOPF WAREHOUSE & LOGISTICS
CA4900904,11.817067834000001,2014,J VINEYARDS & WINERY
CA4900817,0.8968401380400001,2014,CASA DEL MAR
CA4901311,3.2827548063200003,2014,MARK WEST NEIGHBORHOOD CHURCH
CA4900560,11.1931931859,2014,KELLY MUTUAL WATER COMPANY
CA4901383,0.7550083178,2014,LASSETER FAMILY WINERY
CA4901312,6.828280250000001,2014,BALLETTO VINEYARDS
CA4900986,1.32119090279,2014,BARTHOLOMEW FOUNDATION
CA4901195,0.53717236782,2014,MOORLAND AVENUE APARTMENTS
CA4900546,8.86595478,2014,HAWKINS WATER CO-CAL WATER SERVICE (PUC)
CA4900934,0.613778,2014,SONOMA WINE SHOP
CA4901398,4.4603247260000005,2014,HOOK & LADDER VINEYARDS AND WINERY
CA4901079,0.8468295066,2014,PETALUMA LIVESTOCK AUCTION YARD
CA4901139,0.073039582,2014,WILLOWBROOK ALE HOUSE
CA4901094,0.3565436402,2014,LOMBARDI'S DELI & BBQ
CA4900998,1.49420878321,2014,BOISSET - DE LOACH WINERY
CA4901375,0.920667,2014,BROADWAY MARKET
CA4901191,0,2014,PARADISE RIDGE WINERY
CA4900561,107.44490779,2014,WILLOWSIDE MUTUAL WATER COMPANY
CA4901193,0.100045814,2014,SCHELLVILLE GRILL
CA4901093,0.317630115,2014,MARTINELLI RANCH
CA4901388,1.38042968646,2014,"HEIRS OF MY DREAM WINERY, INC."
CA4901204,4.77767250312,2014,BENZIGER FAMILY WINERY
CA4901129,9.49720795408,2014,VIANSA WINERY
CA4901083,1.0743263223000001,2014,VINEBURG DELI & GROCERY
CA4901408,0.57641733314,2014,WESTSIDE STORAGE WATER SYSTEM
CA4901144,17.91853058974,2014,COHN WINERY
CA4900945,6.0344842314900005,2014,PRESENTATION SCHOOL
CA4900794,7.39082313145,2014,SUNSET PARK COMMUNITY
CA4901297,2.95187936208,2014,PORT SONOMA MARINA
CA4901274,0.41001904845000003,2014,NICHOLSON RANCH WINERY
CA4900878,4.53439238615,2014,SANTA ROSA GOLF & COUNTRY CLUB
CA4901366,11.01261356052,2014,LAURA CHENEL'S CHEVRE INC.
CA4900588,0,2014,LAWNDALE MUTUAL WATER COMPANY
CA4900737,13.33908689839,2014,KOA - PETALUMA
CA4901225,0.41564432382,2014,THE RENTAL PLACE
CA4901298,0.4475976065,2014,LYNMAR WINERY
CA4901273,0.07357663775,2014,"S & W WAREHOUSING, LLC"
CA4901027,0.75862040133,2014,CINNABAR THEATER
CA4900667,44.43537283922,2014,COLLEGE PARK MUTUAL WATER COMPANY
CA4901346,3.92784775988,2014,DELORES LANE WATER SYSTEM
CA4901345,2.15685885646,2014,BUCKLEY FAMILY PARTNERSHIP
CA4901214,0.81935680332,2014,ADOBE CHRISTIAN CHURCH
CA4900973,42.272363927200004,2014,GEORGE RANCH MUTUAL WATER COMPANY
CA4901096,7.379146005,2014,WESTERBEKE RANCH
CA4901069,0.5934005704,2014,SONOMA VALLEY MOOSE LODGE #2048
CA4900924,0.160196058,2014,FREMONT DINER
CA4910014,1457.7227500000001,2015,"ROHNERT PARK, CITY OF"
CA2110003,0,2015,NORTH MARIN WATER DISTRICT
CA4910009,1196.8671,2015,"SANTA ROSA, CITY OF"
CA4910006,351.35414721,2015,"PETALUMA, CITY OF"
CA4910023,501.69599942,2015,CALIFORNIA-AMERICAN LARKFIELD (PUC)
CA4910012,174.07,2015,"SONOMA, CITY OF"
CA4910016,284.641388834,2015,"COTATI, CITY OF"
CA4910011,907.163884,2015,"SEBASTOPOL, CITY OF"
CA4910013,534,2015,VALLEY OF THE MOON WATER DISTRICT
CA4910027,184.65848707900003,2015,SONOMA STATE UNIVERSITY
CA4900901,33.88975533889,2015,SOBRE VISTA WATER COMPANY
CA4900812,0.112935152,2015,FRIEDMAN BROTHERS HARDWARE
CA4900723,24.7966312,2015,SHAMROCK MOBILE HOME PARK
CA4900548,46.524372400000004,2015,HOLLAND HEIGHTS MUTUAL WATER COMPANY
CA4900743,1.191343098,2015,LA CANTERA RACQUET CLUB
CA4900792,12.0446260275,2015,WAYSIDE GARDENS MOBILE HOME PARK
CA4900728,4.37623714,2015,EVERGREEN MOBILE ESTATES
CA4900797,8.2176281308,2015,NORTH STAR MOBILE HOME PARK
CA4900795,24.47410620545,2015,STONEGATE MOBILE HOME PARK
CA4901232,12.458465844000001,2015,LA CREMA WINERY
CA4900871,89.420396153,2015,DE ANZA MOON VALLEY WATER COMPANY
CA4900907,0.8899781,2015,SUMMERFIELD WALDORF SCHOOL
CA4901008,1.18874988595,2015,HESSEL CHURCH
CA4901028,4.67766658469,2015,GLORIA FERRER CAVES
CA4901413,0.4991549585,2015,EIGHTH STREET EAST PARTNERS
CA4901061,33.522805092700004,2015,SONOMA WAREHOUSING
CA4901247,8.1841772298,2015,CARNEROS WAREHOUSING
CA4901294,4.1058372421,2015,WINE COUNTRY IND PARK-BLDGS A&B
CA4901332,218.07043465823,2015,WINE COUNTRY IND PARK - BLDG C
CA4901165,0.05467227535,2015,JEHOVAH S WITNESSES HALL
CA4901236,9.961923829,2015,"VINO FARMS, INC. - PRESTON RANCH"
CA4900512,43.323827019,2015,HAPPY ACRES MUTUAL BENEFIT WATER SYSTEM
CA4900693,5.72595951312,2015,BELLEVUE UNION SCH DIST-BELLEVUE SCHOOL
CA4900853,0.946138787,2015,PACK JACK BAR-B-QUE/WITHERS WATER
CA4901393,5.32282091605,2015,BOISSET - BUENA VISTA WINERY
CA4901262,9.227845341,2015,FRANCISCAN VINEYARDS DBA QUARRY WINERY
CA4901387,0,2015,SONOMA CUTRER
CA4901390,11.242823274980001,2015,CHALK HILL WINERY
CA4900925,81.38182240925,2015,SEBASTIANI VINEYARDS
CA4901018,7.891616877210001,2015,GUNDLACH BUNDSCHU WINERY
CA4901120,0.16386031266,2015,RAM'S GATE WINERY
CA4901254,12.22414995472,2015,KJ CARNEROS  HILLS WINERY
CA4901278,49.89674800099,2015,CLINE CELLARS
CA4901310,115.06496166000001,2015,JACUZZI WINERY
CA4901324,0.37471760678,2015,FRITSCH INDUSTRIAL PARK
CA4910003,0,2015,PENNGROVE WATER COMPANY (PUC)
CA4910022,51.86422848,2015,CANON MANOR WATER SYSTEM
CA4900813,0.05825060109,2015,MIDGLEY'S COUNTRY FLEA MARKET
CA4901175,0.10061048976,2015,OAK GROVE SCHOOL DISTRICT OFFICE
CA4901170,0.15183026386,2015,MICHAEL ELLIS SCHOOL FOR DOG TRAINERS
CA4901394,0.37128658776,2015,NEVES FAMILY TRUST WATER SYSTEM
CA4901365,13.63909544701,2015,MICHAEL LUCAS WATER SYSTEM
CA4900695,1.43080244692,2015,NORTHWEST PREP
CA4900817,0.75731919197,2015,CASA DEL MAR
CA4901340,0.20993355823,2015,FOG CREST WINERY
CA4900904,13.09081983517,2015,J VINEYARDS & WINERY
CA4901244,5.83496341703,2015,HUMANE SOCIETY OF SONOMA COUNTY
CA4901218,4.370338733420001,2015,GROSKOPF WAREHOUSE & LOGISTICS
CA4900787,12.237158979430001,2015,PLAZA MOBILE HOME PARK
CA4900791,11.19989257277,2015,WESTERN MOBILE HOME PARK
CA4900708,3.201159159,2015,GRAVENSTEIN SCHOOL DISTRICT-GRAVENSTEIN
CA4900553,9.2034783544,2015,PARK ROYAL MUTUAL WATER COMPANY
CA4900669,6.3768311865500005,2015,WENDELL LANE MUTUAL WATER COMPANY
CA4900799,28.5944132639,2015,EL PORTAL MOBILE ESTATES
CA4900973,37.36297773417,2015,GEORGE RANCH MUTUAL WATER COMPANY
CA4900796,34.50398446572,2015,SANTA ROSA MOBILE ESTATES
CA4900688,15.859026130750001,2015,JOURNEY'S END MOBILE HOME PARK
CA4900545,27.38933995204,2015,"BRANGER MUTUAL WATER COMPANY, INC."
CA4900832,31.5189426783,2015,LEISURE MOBILE HOME PARK
CA4900798,21.56279756917,2015,"MOUNTAIN VIEW MOBILE ESTATES, LLC"
CA4900643,7.72396955429,2015,MOUNT WESKE ESTATES MUTUAL WATER COMPANY
CA4900788,9.012998489880001,2015,EL CRYSTAL MOBILE HOME PARK
CA4901361,0.12404453380000001,2015,ANABA WINERY
CA4901250,10.41397746378,2015,SONOMA WEST HOLDINGS INDUSTRIAL PARK
CA4901156,1.19831254719,2015,WILLOWSIDE SCHOOL
CA4900878,3.5558614652,2015,SANTA ROSA GOLF & COUNTRY CLUB
CA4900694,3.55860198397,2015,WRIGHT ELEMENTARY SCHOOL
CA4900675,4.97001825276,2015,ROSELAND MOBILE HOME PARK
CA4901151,2.10344482601,2015,SCHUG CELLARS
CA4901370,55.41722998416,2015,SUTTER SANTA ROSA REGIONAL HOSPITAL
CA4901269,0.0560072425,2015,UNITED RENTALS
CA4900699,1.07036438531,2015,OLIVET ELEMENTARY SCHOOL
CA4901311,1.32379332151,2015,MARK WEST NEIGHBORHOOD CHURCH
CA4900560,10.04570759489,2015,KELLY MUTUAL WATER COMPANY
CA4901383,0.58187075067,2015,LASSETER FAMILY WINERY
CA4901312,7.55560718,2015,BALLETTO VINEYARDS
CA4901336,1.2028943999600001,2015,MERRIAM WINERY
CA4900986,1.173236647,2015,BARTHOLOMEW FOUNDATION
CA4900934,0.56467576,2015,SONOMA WINE SHOP
CA4900546,8.45479195,2015,HAWKINS WATER CO-CAL WATER SERVICE (PUC)
CA4900721,49.642364640000004,2015,COLONIAL PARK
CA4901439,0.03375779,2015,CENTRO CHRISTIANO EVANGELISTICO CHURCH
CA4901398,4.19517263,2015,HOOK & LADDER VINEYARDS AND WINERY
CA4901079,0.716892704,2015,PETALUMA LIVESTOCK AUCTION YARD
CA4901139,0.0319778338,2015,WILLOWBROOK ALE HOUSE
CA4900998,1.52073319948,2015,BOISSET - DE LOACH WINERY
CA4901191,1.71550951,2015,PARADISE RIDGE WINERY
CA4900561,107.64457591118,2015,WILLOWSIDE MUTUAL WATER COMPANY
CA4901193,0,2015,SCHELLVILLE GRILL
CA4901258,39.899252668,2015,SONOMA LODGE
CA4901144,53.724479362400004,2015,COHN WINERY
CA4900667,41.710339688160005,2015,COLLEGE PARK MUTUAL WATER COMPANY
CA4901214,0.69206231501,2015,ADOBE CHRISTIAN CHURCH
CA4901204,5.21511208372,2015,BENZIGER FAMILY WINERY
CA4901345,1.99825862126,2015,BUCKLEY FAMILY PARTNERSHIP
CA4901297,10.152572482470001,2015,PORT SONOMA MARINA
CA4901093,0.32008522700000003,2015,MARTINELLI RANCH
CA4901094,2.1387708188,2015,LOMBARDI'S DELI & BBQ
CA4901273,7.9347378506,2015,"S & W WAREHOUSING, LLC"
CA4901225,0.36221188003,2015,THE RENTAL PLACE
CA4901274,11.32011020074,2015,NICHOLSON RANCH WINERY
CA4900794,7.35063294801,2015,SUNSET PARK COMMUNITY
CA4901083,1.08522701958,2015,VINEBURG DELI & GROCERY
CA4900033,0.79452641433,2015,WASHOE HOUSE
CA4901375,0.6791146681,2015,BROADWAY MARKET
CA4901366,9.77199329579,2015,LAURA CHENEL'S CHEVRE INC.
CA4901408,0.76094048217,2015,WESTSIDE STORAGE WATER SYSTEM
CA4900737,18.19998769831,2015,KOA - PETALUMA
CA4901129,44.26128698508,2015,VIANSA WINERY
CA4901298,5.39285605474,2015,LYNMAR WINERY
CA4901346,3.52471530059,2015,DELORES LANE WATER SYSTEM
CA4900945,5.116459545780001,2015,PRESENTATION SCHOOL
CA4901027,0.4750027942,2015,CINNABAR THEATER
CA4900913,11.1289613182,2015,ROBIN WAY WATER SYSTEM
CA4900588,56.59981753899,2015,LAWNDALE MUTUAL WATER COMPANY
CA4901096,6.6383773368000005,2015,WESTERBEKE RANCH
CA4901069,0.6666549747,2015,SONOMA VALLEY MOOSE LODGE #2048
CA4900924,0.222801414,2015,FREMONT DINER
CA4901286,1.03288403174,2015,KELLER ESTATE WINERY
CA4901086,1.8672661205,2015,KENDALL-JACKSON WINE CENTER
CA4900720,35.32599279,2015,MOBILE HOME ESTATES
CA4900580,16.43390595,2015,SONOMA MOUNTAIN COUNTY WATER DISTRICT
CA4901073,0.42382905345,2015,GRAY WATER SYSTEM
CA4901198,0.6511263913,2015,SONOMA DEVELOPMENTAL CENTER-CAMP VIA
CA4910202,0,2015,SONOMA DEVELOPMENTAL CENTER
CA4910304,0.833817413,2015,CSP-PETALUMA ADOBE STATE HISTORIC PARK
CA4901407,0.78223857877,2015,SANTA ROSA LIQUOR AND DELI
CA4901080,3.41292484456,2015,SPEEDWAY SONOMA LLC
CA4900774,0.11048004,2015,CLOVERLEAF RANCH SUMMER CAMP
CA4901321,0.34707611455000004,2015,SUNCE WINERY
CA4900897,51.123410954,2015,RODNEY STRONG VINEYARDS
CA4901388,0.9063659726000001,2015,"HEIRS OF MY DREAM WINERY, INC."
CA4900673,9.84840251901,2015,ATHENA TERRACE MUTUAL WATER COMPANY
CA4901063,0.3392657895,2015,CAMPOBELLO
CA4901234,1.7308539600000001,2015,SONOMA SEVENTH DAY ADVENTIST CHURCH
CA4901300,0.88384032,2015,WINDY HILL WINERY
CA4900558,26.2083206,2015,BELMONT TERRACE MUTUAL WATER COMPANY
CA4901328,4.5771430826170505,2015,COPAIN WINE CELLARS
CA4900909,1.3808102288200002,2015,CARNEROS DELI
CA4900559,19.38867927535,2015,FIRCREST MUTUAL WATER COMPANY
CA4901275,2.3182671260100003,2015,CORNERSTONE SONOMA
CA4900513,6.14838915273,2015,MADRONE MUTUAL WATER COMPANY
CA4900533,4.5463303682500005,2015,MORTON'S WARM SPRINGS / SONOMA SPRINGS
CA4900949,0,2015,SAINTS PETER & PAUL RUSSIAN CHURCH
CA4910014,1873,2016,"ROHNERT PARK, CITY OF"
CA2110003,0,2016,NORTH MARIN WATER DISTRICT
CA4910009,1227.556,2016,"SANTA ROSA, CITY OF"
CA4910006,327.62855862,2016,"PETALUMA, CITY OF"
CA4910012,196.11,2016,"SONOMA, CITY OF"
CA4910016,298.47410362,2016,"COTATI, CITY OF"
CA4910023,467.93207164,2016,CALIFORNIA-AMERICAN LARKFIELD (PUC)
CA4910011,932.021893,2016,"SEBASTOPOL, CITY OF"
CA4910013,466.00480872,2016,VALLEY OF THE MOON WATER DISTRICT
CA4901063,1.12969216679,2016,CAMPOBELLO
CA4901234,1.16924709,2016,SONOMA SEVENTH DAY ADVENTIST CHURCH
CA4901300,11.077465344,2016,WINDY HILL WINERY
CA4900558,25.258192256,2016,BELMONT TERRACE MUTUAL WATER COMPANY
CA4900909,1.22745165774,2016,CARNEROS DELI
CA4900559,17.19319843824,2016,FIRCREST MUTUAL WATER COMPANY
CA4901275,2.46728321774,2016,CORNERSTONE SONOMA
CA4900513,7.0396653932,2016,MADRONE MUTUAL WATER COMPANY
CA4900949,0.100045814,2016,SAINTS PETER & PAUL RUSSIAN CHURCH
CA4900901,35.87179794539,2016,SOBRE VISTA WATER COMPANY
CA4900580,19.843227917700002,2016,SONOMA MOUNTAIN COUNTY WATER DISTRICT
CA4900723,28.405645840000002,2016,SHAMROCK MOBILE HOME PARK
CA4900812,1.555006563,2016,FRIEDMAN BROTHERS HARDWARE
CA4900548,42.11437747,2016,HOLLAND HEIGHTS MUTUAL WATER COMPANY
CA4900743,0.91146033,2016,LA CANTERA RACQUET CLUB
CA4900795,0,2016,STONEGATE MOBILE HOME PARK
CA4901232,13.676201396,2016,LA CREMA WINERY
CA4900797,7.8141918514,2016,NORTH STAR MOBILE HOME PARK
CA4900728,4.2657571,2016,EVERGREEN MOBILE ESTATES
CA4900792,9.2610200419,2016,WAYSIDE GARDENS MOBILE HOME PARK
CA4900871,86.8946383052,2016,DE ANZA MOON VALLEY WATER COMPANY
CA4900907,0.8899781,2016,SUMMERFIELD WALDORF SCHOOL
CA4901008,1.23007862758,2016,HESSEL CHURCH
CA4901247,4.32457851463,2016,CARNEROS WAREHOUSING
CA4901332,18.425965413460002,2016,WINE COUNTRY IND PARK - BLDG C
CA4901413,0.4273736214,2016,EIGHTH STREET EAST PARTNERS
CA4901061,7.41084456981,2016,SONOMA WAREHOUSING
CA4901294,2.34731416986,2016,WINE COUNTRY IND PARK-BLDGS A&B
CA4901165,0.24697506053,2016,JEHOVAH S WITNESSES HALL
CA4900693,5.632947595,2016,BELLEVUE UNION SCH DIST-BELLEVUE SCHOOL
CA4900853,0.692341584,2016,PACK JACK BAR-B-QUE/WITHERS WATER
CA4901236,8.824900084000001,2016,"VINO FARMS, INC. - PRESTON RANCH"
CA4900512,47.127409285,2016,HAPPY ACRES MUTUAL BENEFIT WATER SYSTEM
CA4901254,8.4053521321,2016,KJ CARNEROS  HILLS WINERY
CA4901262,9.688792619,2016,FRANCISCAN VINEYARDS DBA QUARRY WINERY
CA4901390,16.0336306273,2016,CHALK HILL WINERY
CA4901120,2.43342108548,2016,RAM'S GATE WINERY
CA4901393,5.08500035439,2016,BOISSET - BUENA VISTA WINERY
CA4901387,0,2016,SONOMA CUTRER
CA4901018,8.72180686223,2016,GUNDLACH BUNDSCHU WINERY
CA4900925,82.77587182953,2016,SEBASTIANI VINEYARDS
CA4901278,53.55156063,2016,CLINE CELLARS
CA4901310,186.8795962165,2016,JACUZZI WINERY
CA4901324,0.39983647143,2016,FRITSCH INDUSTRIAL PARK
CA4901361,0.14674818202,2016,ANABA WINERY
CA4901218,4.4412669191,2016,GROSKOPF WAREHOUSE & LOGISTICS
CA4900694,3.32174198488,2016,WRIGHT ELEMENTARY SCHOOL
CA4901151,1.9272997466800001,2016,SCHUG CELLARS
CA4901370,62.723999287400005,2016,SUTTER SANTA ROSA REGIONAL HOSPITAL
CA4901269,0.07920498201000001,2016,UNITED RENTALS
CA4901156,1.467850087,2016,WILLOWSIDE SCHOOL
CA4901445,3.49390671388,2016,JAMES COURT WATER SYSTEM
CA4901175,0.14220315593,2016,OAK GROVE SCHOOL DISTRICT OFFICE
CA4900699,1.38522636153,2016,OLIVET ELEMENTARY SCHOOL
CA4900878,4.5623346296000005,2016,SANTA ROSA GOLF & COUNTRY CLUB
CA4901244,5.32500596573,2016,HUMANE SOCIETY OF SONOMA COUNTY
CA4901250,10.6060224622,2016,SONOMA WEST HOLDINGS INDUSTRIAL PARK
CA4900695,1.3703453139200001,2016,NORTHWEST PREP
CA4901394,1.12491083617,2016,NEVES FAMILY TRUST WATER SYSTEM
CA4901365,11.61729230167,2016,MICHAEL LUCAS WATER SYSTEM
CA4900643,4.40694445334,2016,MOUNT WESKE ESTATES MUTUAL WATER COMPANY
CA4901170,0.4010732341,2016,MICHAEL ELLIS SCHOOL FOR DOG TRAINERS
CA4900813,0.04912679112,2016,MIDGLEY'S COUNTRY FLEA MARKET
CA4900561,96.77130837,2016,WILLOWSIDE MUTUAL WATER COMPANY
CA4900796,40.29251250816,2016,SANTA ROSA MOBILE ESTATES
CA4900791,10.570263755920001,2016,WESTERN MOBILE HOME PARK
CA4900787,11.72547988084,2016,PLAZA MOBILE HOME PARK
CA4900708,4.6025984664,2016,GRAVENSTEIN SCHOOL DISTRICT-GRAVENSTEIN
CA4900553,10.2328454382,2016,PARK ROYAL MUTUAL WATER COMPANY
CA4900798,21.24770235731,2016,"MOUNTAIN VIEW MOBILE ESTATES, LLC"
CA4900675,5.9301082137000005,2016,ROSELAND MOBILE HOME PARK
CA4900669,3.87344554685,2016,WENDELL LANE MUTUAL WATER COMPANY
CA4900799,25.96398478487,2016,EL PORTAL MOBILE ESTATES
CA4901340,0.21544528467000001,2016,FOG CREST WINERY
CA4900904,10.42812504668,2016,J VINEYARDS & WINERY
CA4900688,12.69297507335,2016,JOURNEY'S END MOBILE HOME PARK
CA4900832,31.33325641996,2016,LEISURE MOBILE HOME PARK
CA4900788,5.442246770400001,2016,EL CRYSTAL MOBILE HOME PARK
CA4900973,35.23266170732,2016,GEORGE RANCH MUTUAL WATER COMPANY
CA4900545,31.47520178913,2016,"BRANGER MUTUAL WATER COMPANY, INC."
CA4900673,12.06294116302,2016,ATHENA TERRACE MUTUAL WATER COMPANY
CA4900817,0.9008726595000001,2016,CASA DEL MAR
CA4901311,0.78445738624,2016,MARK WEST NEIGHBORHOOD CHURCH
CA4900560,10.07119203,2016,KELLY MUTUAL WATER COMPANY
CA4901383,0.63913930696,2016,LASSETER FAMILY WINERY
CA4901312,6.18688224,2016,BALLETTO VINEYARDS
CA4901336,1.07086461438,2016,MERRIAM WINERY
CA4900986,1.37988956182,2016,BARTHOLOMEW FOUNDATION
CA4900546,8.28907189,2016,HAWKINS WATER CO-CAL WATER SERVICE (PUC)
CA4900721,30.002389307,2016,COLONIAL PARK
CA4900934,0.51411886614,2016,SONOMA WINE SHOP
CA4901431,2.4704871389000003,2016,SARALEE 3575 SLUSSER ROAD
CA4901388,1.13871777228,2016,"HEIRS OF MY DREAM WINERY, INC."
CA4901028,4.88651068697,2016,GLORIA FERRER CAVES
CA4901439,0.003682668,2016,CENTRO CHRISTIANO EVANGELISTICO CHURCH
CA4901398,4.132567274,2016,HOOK & LADDER VINEYARDS AND WINERY
CA4901328,4.2091667684,2016,COPAIN WINE CELLARS
CA4901079,0.8792983628000001,2016,PETALUMA LIVESTOCK AUCTION YARD
CA4901139,0.03687885113,2016,WILLOWBROOK ALE HOUSE
CA4901191,1.71550951,2016,PARADISE RIDGE WINERY
CA4901298,4.46231029783,2016,LYNMAR WINERY
CA4900913,6.7823328289200004,2016,ROBIN WAY WATER SYSTEM
CA4901346,4.14826771524,2016,DELORES LANE WATER SYSTEM
CA4900737,23.0911262714,2016,KOA - PETALUMA
CA4901366,10.18199699979,2016,LAURA CHENEL'S CHEVRE INC.
CA4900945,5.17433881118,2016,PRESENTATION SCHOOL
CA4901274,11.64444584039,2016,NICHOLSON RANCH WINERY
CA4901273,10.23489545672,2016,"S & W WAREHOUSING, LLC"
CA4901093,2.75749586948,2016,MARTINELLI RANCH
CA4900794,8.32467715178,2016,SUNSET PARK COMMUNITY
CA4901094,0.65409093904,2016,LOMBARDI'S DELI & BBQ
CA4901297,2.14923880259,2016,PORT SONOMA MARINA
CA4901225,0.48144439431,2016,THE RENTAL PLACE
CA4901345,2.43216590947,2016,BUCKLEY FAMILY PARTNERSHIP
CA4901144,47.07098160457,2016,COHN WINERY
CA4900588,0,2016,LAWNDALE MUTUAL WATER COMPANY
CA4901083,1.33582337031,2016,VINEBURG DELI & GROCERY
CA4901408,1.02399345741,2016,WESTSIDE STORAGE WATER SYSTEM
CA4901214,0.43663246253000004,2016,ADOBE CHRISTIAN CHURCH
CA4900667,43.788858989590004,2016,COLLEGE PARK MUTUAL WATER COMPANY
CA4901204,8.83677361941,2016,BENZIGER FAMILY WINERY
CA4901375,0.7985435913400001,2016,BROADWAY MARKET
CA4901129,45.804628697190005,2016,VIANSA WINERY
CA4900033,1.67729262283,2016,WASHOE HOUSE
CA4901027,0.48690394962,2016,CINNABAR THEATER
CA4901069,0.7375156448,2016,SONOMA VALLEY MOOSE LODGE #2048
CA4901096,5.1200440093,2016,WESTERBEKE RANCH
CA4900924,0.2413068207,2016,FREMONT DINER
CA4901286,1.13001746913,2016,KELLER ESTATE WINERY
CA4901086,2.3097079918,2016,KENDALL-JACKSON WINE CENTER
CA4900720,34.985346,2016,MOBILE HOME ESTATES
CA4901073,0.10957164856,2016,GRAY WATER SYSTEM
CA4910202,0,2016,SONOMA DEVELOPMENTAL CENTER
CA4901198,0.5041265603,2016,SONOMA DEVELOPMENTAL CENTER-CAMP VIA
CA4910003,0,2016,PENNGROVE WATER COMPANY (PUC)
CA4910022,65.96894784,2016,CANON MANOR WATER SYSTEM
CA4910304,1.030533262,2016,CSP-PETALUMA ADOBE STATE HISTORIC PARK
CA4901407,0.46795355387000004,2016,SANTA ROSA LIQUOR AND DELI
CA4901258,33.3390092706,2016,SONOMA LODGE
CA4901080,5.90927658838,2016,SPEEDWAY SONOMA LLC
CA4900774,0.11048004,2016,CLOVERLEAF RANCH SUMMER CAMP
CA4901321,0.22765946687000002,2016,SUNCE WINERY
CA4900897,56.143194327,2016,RODNEY STRONG VINEYARDS
CA4900533,2.91354585709,2016,MORTON'S WARM SPRINGS / SONOMA SPRINGS
CA4900998,1.49176901566,2016,BOISSET - DE LOACH WINERY
CA4910014,1800.3336296,2017,"ROHNERT PARK, CITY OF"
CA2110003,0,2017,NORTH MARIN WATER DISTRICT
CA4910012,146.56,2017,"SONOMA, CITY OF"
CA4910016,300.58856883,2017,"COTATI, CITY OF"
CA4910027,225.52967869223002,2017,SONOMA STATE UNIVERSITY
CA4910006,114.21794802000001,2017,"PETALUMA, CITY OF"
CA4910011,1021.94037,2017,"SEBASTOPOL, CITY OF"
CA4910023,489.57388392,2017,CALIFORNIA-AMERICAN LARKFIELD (PUC)
CA4910013,690,2017,VALLEY OF THE MOON WATER DISTRICT
CA4910009,0,2017,"SANTA ROSA, CITY OF"
CA4901234,1.044650156,2017,SONOMA SEVENTH DAY ADVENTIST CHURCH
CA4900558,27.5277898555,2017,BELMONT TERRACE MUTUAL WATER COMPANY
CA4900909,1.6390880112200001,2017,CARNEROS DELI
CA4900559,17.86257551837,2017,FIRCREST MUTUAL WATER COMPANY
CA4900513,7.0387140373,2017,MADRONE MUTUAL WATER COMPANY
CA4900949,0.1016416368,2017,SAINTS PETER & PAUL RUSSIAN CHURCH
CA4900580,22.796942476,2017,SONOMA MOUNTAIN COUNTY WATER DISTRICT
CA4900548,46.4936835,2017,HOLLAND HEIGHTS MUTUAL WATER COMPANY
CA4900723,32.3154117,2017,SHAMROCK MOBILE HOME PARK
CA4900812,2.0433897176,2017,FRIEDMAN BROTHERS HARDWARE
CA4900743,0.5040651825,2017,LA CANTERA RACQUET CLUB
CA4900797,51.6677399733,2017,NORTH STAR MOBILE HOME PARK
CA4900795,22.2168915771,2017,STONEGATE MOBILE HOME PARK
CA4900728,5.05446183,2017,EVERGREEN MOBILE ESTATES
CA4901232,13.58290714,2017,LA CREMA WINERY
CA4900871,0,2017,DE ANZA MOON VALLEY WATER COMPANY
CA4900907,0.8899781,2017,SUMMERFIELD WALDORF SCHOOL
CA4901008,1.29942326602,2017,HESSEL CHURCH
CA4901247,4.10533087525,2017,CARNEROS WAREHOUSING
CA4901413,0.44045629947000003,2017,EIGHTH STREET EAST PARTNERS
CA4901061,7.38988712,2017,SONOMA WAREHOUSING
CA4901332,17.66146195,2017,WINE COUNTRY IND PARK - BLDG C
CA4901294,2.25256526,2017,WINE COUNTRY IND PARK-BLDGS A&B
CA4901236,9.719788408000001,2017,"VINO FARMS, INC. - PRESTON RANCH"
CA4900512,45.3221040536,2017,HAPPY ACRES MUTUAL BENEFIT WATER SYSTEM
CA4900693,8.440981945,2017,BELLEVUE UNION SCH DIST-BELLEVUE SCHOOL
CA4901254,7.429920790050001,2017,KJ CARNEROS  HILLS WINERY
CA4901018,7.11183034155,2017,GUNDLACH BUNDSCHU WINERY
CA4900925,80.5276736,2017,SEBASTIANI VINEYARDS
CA4901387,0,2017,SONOMA CUTRER
CA4901393,5.138448142630001,2017,BOISSET - BUENA VISTA WINERY
CA4901390,12.022069686,2017,CHALK HILL WINERY
CA4901120,0,2017,RAM'S GATE WINERY
CA4901262,8.20007408,2017,FRANCISCAN VINEYARDS DBA QUARRY WINERY
CA4901278,57.699183753,2017,CLINE CELLARS
CA4901310,161.6941366535,2017,JACUZZI WINERY
CA4901324,0.44846303348,2017,FRITSCH INDUSTRIAL PARK
CA4900694,3.3285948162500003,2017,WRIGHT ELEMENTARY SCHOOL
CA4900788,5.343354859040001,2017,EL CRYSTAL MOBILE HOME PARK
CA4900799,21.03126889006,2017,EL PORTAL MOBILE ESTATES
CA4900832,30.67353406777,2017,LEISURE MOBILE HOME PARK
CA4901244,5.39126636972,2017,HUMANE SOCIETY OF SONOMA COUNTY
CA4901151,0,2017,SCHUG CELLARS
CA4901156,1.4697313165700001,2017,WILLOWSIDE SCHOOL
CA4901370,55.9597360828,2017,SUTTER SANTA ROSA REGIONAL HOSPITAL
CA4901175,0.19832394736,2017,OAK GROVE SCHOOL DISTRICT OFFICE
CA4900878,0,2017,SANTA ROSA GOLF & COUNTRY CLUB
CA4901250,9.581381469,2017,SONOMA WEST HOLDINGS INDUSTRIAL PARK
CA4901269,0.15919866875,2017,UNITED RENTALS
CA4901365,11.461383483,2017,MICHAEL LUCAS WATER SYSTEM
CA4901394,1.18379976638,2017,NEVES FAMILY TRUST WATER SYSTEM
CA4900695,1.92858868048,2017,NORTHWEST PREP
CA4900699,1.75077719388,2017,OLIVET ELEMENTARY SCHOOL
CA4901170,0.2848236809,2017,MICHAEL ELLIS SCHOOL FOR DOG TRAINERS
CA4900813,0.08310247231000001,2017,MIDGLEY'S COUNTRY FLEA MARKET
CA4900817,0.73092980686,2017,CASA DEL MAR
CA4900904,10.119054065890001,2017,J VINEYARDS & WINERY
CA4900643,3.97394555657,2017,MOUNT WESKE ESTATES MUTUAL WATER COMPANY
CA4901447,0.48283767037,2017,DONUM ESTATE WATER SYSTEM
CA4901340,0.23886705315,2017,FOG CREST WINERY
CA4901433,0.09351521608,2017,FAT PILGRIM GENERAL STORE
CA4900708,4.1235754263,2017,GRAVENSTEIN SCHOOL DISTRICT-GRAVENSTEIN
CA4900545,33.75979705406,2017,"BRANGER MUTUAL WATER COMPANY, INC."
CA4901218,5.522934026280001,2017,GROSKOPF WAREHOUSE & LOGISTICS
CA4901361,0.12359033808,2017,ANABA WINERY
CA4900673,12.396035414730001,2017,ATHENA TERRACE MUTUAL WATER COMPANY
CA4900669,3.9551885008900003,2017,WENDELL LANE MUTUAL WATER COMPANY
CA4901445,9.78610098312,2017,JAMES COURT WATER SYSTEM
CA4900792,9.46075567866,2017,WAYSIDE GARDENS MOBILE HOME PARK
CA4900787,11.86673781865,2017,PLAZA MOBILE HOME PARK
CA4900675,5.4349305366400005,2017,ROSELAND MOBILE HOME PARK
CA4900796,35.40490008968,2017,SANTA ROSA MOBILE ESTATES
CA4900798,20.96951975437,2017,"MOUNTAIN VIEW MOBILE ESTATES, LLC"
CA4900553,11.1907380739,2017,PARK ROYAL MUTUAL WATER COMPANY
CA4900973,37.80088378605,2017,GEORGE RANCH MUTUAL WATER COMPANY
CA4900791,11.054807729130001,2017,WESTERN MOBILE HOME PARK
CA4900561,110.37690995155,2017,WILLOWSIDE MUTUAL WATER COMPANY
CA4901311,0.94380336171,2017,MARK WEST NEIGHBORHOOD CHURCH
CA4900560,10.73923782,2017,KELLY MUTUAL WATER COMPANY
CA4901312,6.5704934900000005,2017,BALLETTO VINEYARDS
CA4901336,1.3187634108000001,2017,MERRIAM WINERY
CA4900986,1.36239381993,2017,BARTHOLOMEW FOUNDATION
CA4900934,0.5274194354,2017,SONOMA WINE SHOP
CA4900721,34.596824526,2017,COLONIAL PARK
CA4901165,0.27861838532,2017,JEHOVAH S WITNESSES HALL
CA4901388,2.1840369463,2017,"HEIRS OF MY DREAM WINERY, INC."
CA4901431,1.2232902429,2017,SARALEE 3575 SLUSSER ROAD
CA4901028,7.1714926320400005,2017,GLORIA FERRER CAVES
CA4901439,0.037747347,2017,CENTRO CHRISTIANO EVANGELISTICO CHURCH
CA4901080,4.72305853668,2017,SPEEDWAY SONOMA LLC
CA4901258,19.997353711280002,2017,SONOMA LODGE
CA4901398,3.835191833,2017,HOOK & LADDER VINEYARDS AND WINERY
CA4901328,2.27367615431,2017,COPAIN WINE CELLARS
CA4901079,0.9106931075,2017,PETALUMA LIVESTOCK AUCTION YARD
CA4901139,0.03766755586,2017,WILLOWBROOK ALE HOUSE
CA4901193,0.124290045,2017,SCHELLVILLE GRILL
CA4901407,0.7672225,2017,SANTA ROSA LIQUOR AND DELI
CA4901204,4.71986382219,2017,BENZIGER FAMILY WINERY
CA4900945,5.23872105449,2017,PRESENTATION SCHOOL
CA4901274,0.8853624894400001,2017,NICHOLSON RANCH WINERY
CA4900794,7.06678824302,2017,SUNSET PARK COMMUNITY
CA4900913,6.11745781042,2017,ROBIN WAY WATER SYSTEM
CA4901144,42.887038043080004,2017,COHN WINERY
CA4901346,3.82167644144,2017,DELORES LANE WATER SYSTEM
CA4900667,55.26229400362,2017,COLLEGE PARK MUTUAL WATER COMPANY
CA4901345,3.20206141266,2017,BUCKLEY FAMILY PARTNERSHIP
CA4900588,0,2017,LAWNDALE MUTUAL WATER COMPANY
CA4901298,4.1350960393600005,2017,LYNMAR WINERY
CA4900853,0,2017,PACK JACK BAR-B-QUE/WITHERS WATER
CA4901297,1.73594524851,2017,PORT SONOMA MARINA
CA4900737,27.23747593039,2017,KOA - PETALUMA
CA4901129,31.741845365670002,2017,VIANSA WINERY
CA4901225,0.52604150379,2017,THE RENTAL PLACE
CA4901273,10.5060073371,2017,"S & W WAREHOUSING, LLC"
CA4901214,0.56460210664,2017,ADOBE CHRISTIAN CHURCH
CA4901027,0.32981667719,2017,CINNABAR THEATER
CA4901366,10.05761488809,2017,LAURA CHENEL'S CHEVRE INC.
CA4901083,0.95118711105,2017,VINEBURG DELI & GROCERY
CA4900033,1.82219026418,2017,WASHOE HOUSE
CA4901408,0.71394350071,2017,WESTSIDE STORAGE WATER SYSTEM
CA4901093,2.9649436268100002,2017,MARTINELLI RANCH
CA4901375,0.88626781199,2017,BROADWAY MARKET
CA4901094,0.6906874522900001,2017,LOMBARDI'S DELI & BBQ
CA4901096,5.4153939829,2017,WESTERBEKE RANCH
CA4901069,0.6632485068,2017,SONOMA VALLEY MOOSE LODGE #2048
CA4900901,39.71278998049,2017,SOBRE VISTA WATER COMPANY
CA4900924,0.27356699238,2017,FREMONT DINER
CA4900546,10.63370385,2017,HAWKINS WATER CO-CAL WATER SERVICE (PUC)
CA4901286,0.8795745629,2017,KELLER ESTATE WINERY
CA4901086,2.08863743176,2017,KENDALL-JACKSON WINE CENTER
CA4900720,16.64304159683,2017,MOBILE HOME ESTATES
CA4901073,0.11363792781,2017,GRAY WATER SYSTEM
CA4901198,0.102807815,2017,SONOMA DEVELOPMENTAL CENTER-CAMP VIA
CA4910202,0,2017,SONOMA DEVELOPMENTAL CENTER
CA4910003,0,2017,PENNGROVE WATER COMPANY (PUC)
CA4910022,77.05024347,2017,CANON MANOR WATER SYSTEM
CA4901300,10.457856453,2017,WINDY HILL WINERY
CA4901063,1.21149956752,2017,CAMPOBELLO
CA4900774,0,2017,CLOVERLEAF RANCH SUMMER CAMP
CA4901321,0.29360377519,2017,SUNCE WINERY
CA4900897,60.729650432,2017,RODNEY STRONG VINEYARDS
CA4901383,1.00318638321,2017,LASSETER FAMILY WINERY
CA4900533,3.8696278476900003,2017,MORTON'S WARM SPRINGS / SONOMA SPRINGS
CA4910304,0.762926054,2017,CSP-PETALUMA ADOBE STATE HISTORIC PARK
CA4901275,1.312871142,2017,CORNERSTONE SONOMA
CA4900998,6.2500093073,2017,BOISSET - DE LOACH WINERY
CA4910014,1675.4298066000001,2018,"ROHNERT PARK, CITY OF"
CA2110003,0,2018,NORTH MARIN WATER DISTRICT
CA4910012,114.226,2018,"SONOMA, CITY OF"
CA4910016,366.39170821,2018,"COTATI, CITY OF"
CA4910006,0,2018,"PETALUMA, CITY OF"
CA4910011,1006.5959200000001,2018,"SEBASTOPOL, CITY OF"
CA4910023,0,2018,CALIFORNIA-AMERICAN LARKFIELD (PUC)
CA4910013,500,2018,VALLEY OF THE MOON WATER DISTRICT
CA4910027,187.23369395137001,2018,SONOMA STATE UNIVERSITY
CA4910009,0,2018,"SANTA ROSA, CITY OF"
CA4901234,1.5454930040000001,2018,SONOMA SEVENTH DAY ADVENTIST CHURCH
CA4900558,27.950529453,2018,BELMONT TERRACE MUTUAL WATER COMPANY
CA4900909,1.28741776834,2018,CARNEROS DELI
CA4900559,16.10580478232,2018,FIRCREST MUTUAL WATER COMPANY
CA4900949,0.09680813505000001,2018,SAINTS PETER & PAUL RUSSIAN CHURCH
CA4900580,22.296099628,2018,SONOMA MOUNTAIN COUNTY WATER DISTRICT
CA4900723,34.064679,2018,SHAMROCK MOBILE HOME PARK
CA4900548,0,2018,HOLLAND HEIGHTS MUTUAL WATER COMPANY
CA4900812,2.0530874100000003,2018,FRIEDMAN BROTHERS HARDWARE
CA4900743,0.540431529,2018,LA CANTERA RACQUET CLUB
CA4900728,5.25700857,2018,EVERGREEN MOBILE ESTATES
CA4900797,51.6677399733,2018,NORTH STAR MOBILE HOME PARK
CA4900795,21.787032154800002,2018,STONEGATE MOBILE HOME PARK
CA4900871,77.574480753,2018,DE ANZA MOON VALLEY WATER COMPANY
CA4901008,1.26162374789,2018,HESSEL CHURCH
CA4901413,0.42187723941,2018,EIGHTH STREET EAST PARTNERS
CA4901294,2.2708251555,2018,WINE COUNTRY IND PARK-BLDGS A&B
CA4901247,4.13263478958,2018,CARNEROS WAREHOUSING
CA4901061,7.25792485,2018,SONOMA WAREHOUSING
CA4901332,17.50801745,2018,WINE COUNTRY IND PARK - BLDG C
CA4901236,9.727767522,2018,"VINO FARMS, INC. - PRESTON RANCH"
CA4900512,37.6987357824,2018,HAPPY ACRES MUTUAL BENEFIT WATER SYSTEM
CA4900693,7.8787612970000005,2018,BELLEVUE UNION SCH DIST-BELLEVUE SCHOOL
CA4900925,86.05697864192,2018,SEBASTIANI VINEYARDS
CA4901390,0,2018,CHALK HILL WINERY
CA4901262,6.703683316,2018,FRANCISCAN VINEYARDS DBA QUARRY WINERY
CA4901120,0,2018,RAM'S GATE WINERY
CA4901387,0,2018,SONOMA CUTRER
CA4901018,0,2018,GUNDLACH BUNDSCHU WINERY
CA4901393,0,2018,BOISSET - BUENA VISTA WINERY
CA4901278,55.2945173487,2018,CLINE CELLARS
CA4901310,158.1661713984,2018,JACUZZI WINERY
CA4901324,0.52860709583,2018,FRITSCH INDUSTRIAL PARK
CA4901151,1.9418923186300001,2018,SCHUG CELLARS
CA4901451,1.02385535736,2018,SPIDER WEB RANCH
CA4901433,0.40168087432,2018,FAT PILGRIM GENERAL STORE
CA4900817,0.68303057174,2018,CASA DEL MAR
CA4901365,1.70601129545,2018,MICHAEL LUCAS WATER SYSTEM
CA4900792,10.5517951759,2018,WAYSIDE GARDENS MOBILE HOME PARK
CA4900669,4.21237375845,2018,WENDELL LANE MUTUAL WATER COMPANY
CA4901361,0.11283080974000001,2018,ANABA WINERY
CA4900796,35.063667141690004,2018,SANTA ROSA MOBILE ESTATES
CA4901445,10.51390052218,2018,JAMES COURT WATER SYSTEM
CA4900553,12.121194833,2018,PARK ROYAL MUTUAL WATER COMPANY
CA4900798,22.344112412050002,2018,"MOUNTAIN VIEW MOBILE ESTATES, LLC"
CA4900799,21.62227572626,2018,EL PORTAL MOBILE ESTATES
CA4900973,45.080244832700004,2018,GEORGE RANCH MUTUAL WATER COMPANY
CA4900787,14.10122117877,2018,PLAZA MOBILE HOME PARK
CA4900675,4.81715684186,2018,ROSELAND MOBILE HOME PARK
CA4900788,2.85322375525,2018,EL CRYSTAL MOBILE HOME PARK
CA4900832,31.0374952151,2018,LEISURE MOBILE HOME PARK
CA4900878,4.6973657896,2018,SANTA ROSA GOLF & COUNTRY CLUB
CA4900545,36.88841686013,2018,"BRANGER MUTUAL WATER COMPANY, INC."
CA4901244,6.10195684703,2018,HUMANE SOCIETY OF SONOMA COUNTY
CA4901250,10.8546332411,2018,SONOMA WEST HOLDINGS INDUSTRIAL PARK
CA4900907,1.61713317216,2018,SUMMERFIELD WALDORF SCHOOL
CA4900813,0.0686510693,2018,MIDGLEY'S COUNTRY FLEA MARKET
CA4901394,0.25542678359,2018,NEVES FAMILY TRUST WATER SYSTEM
CA4900695,1.9662071341,2018,NORTHWEST PREP
CA4901175,0.17352424727000001,2018,OAK GROVE SCHOOL DISTRICT OFFICE
CA4901170,0,2018,MICHAEL ELLIS SCHOOL FOR DOG TRAINERS
CA4901447,0.29396897310000003,2018,DONUM ESTATE WATER SYSTEM
CA4901340,0.26379564662,2018,FOG CREST WINERY
CA4900904,1.43422119038,2018,J VINEYARDS & WINERY
CA4900708,3.1189435959000003,2018,GRAVENSTEIN SCHOOL DISTRICT-GRAVENSTEIN
CA4901218,3.7600224413400003,2018,GROSKOPF WAREHOUSE & LOGISTICS
CA4900791,9.7647476465,2018,WESTERN MOBILE HOME PARK
CA4900561,109.6866705572,2018,WILLOWSIDE MUTUAL WATER COMPANY
CA4901370,58.11239362885,2018,SUTTER SANTA ROSA REGIONAL HOSPITAL
CA4901269,0.14339695414,2018,UNITED RENTALS
CA4901156,1.72870266811,2018,WILLOWSIDE SCHOOL
CA4900694,3.29336395905,2018,WRIGHT ELEMENTARY SCHOOL
CA4900560,10.6234891302,2018,KELLY MUTUAL WATER COMPANY
CA4901312,8.24303854,2018,BALLETTO VINEYARDS
CA4901336,1.4160472238000001,2018,MERRIAM WINERY
CA4900986,1.12479421835,2018,BARTHOLOMEW FOUNDATION
CA4900721,37.49722018944,2018,COLONIAL PARK
CA4900934,1.17208888214,2018,SONOMA WINE SHOP
CA4901165,0.2529686027,2018,JEHOVAH S WITNESSES HALL
CA4901254,8.4099247782,2018,KJ CARNEROS  HILLS WINERY
CA4901232,19.61037588895,2018,LA CREMA WINERY
CA4901388,2.05801911623,2018,"HEIRS OF MY DREAM WINERY, INC."
CA4901028,12.4477861068,2018,GLORIA FERRER CAVES
CA4901398,4.5425709780000005,2018,HOOK & LADDER VINEYARDS AND WINERY
CA4901328,1.97681321794,2018,COPAIN WINE CELLARS
CA4901079,0.9018853932,2018,PETALUMA LIVESTOCK AUCTION YARD
CA4901139,0.03766755586,2018,WILLOWBROOK ALE HOUSE
CA4901191,0.613778,2018,PARADISE RIDGE WINERY
CA4900033,2.05061695355,2018,WASHOE HOUSE
CA4901144,48.587608629230004,2018,COHN WINERY
CA4900588,0,2018,LAWNDALE MUTUAL WATER COMPANY
CA4901193,0.12685870593,2018,SCHELLVILLE GRILL
CA4901298,3.81646239733,2018,LYNMAR WINERY
CA4901345,3.15659273842,2018,BUCKLEY FAMILY PARTNERSHIP
CA4900853,0.32606342472,2018,PACK JACK BAR-B-QUE/WITHERS WATER
CA4900913,6.629747618120001,2018,ROBIN WAY WATER SYSTEM
CA4901273,11.52199712939,2018,"S & W WAREHOUSING, LLC"
CA4901297,1.19846599169,2018,PORT SONOMA MARINA
CA4900737,26.24506441997,2018,KOA - PETALUMA
CA4901093,3.28091347232,2018,MARTINELLI RANCH
CA4901366,11.17604115969,2018,LAURA CHENEL'S CHEVRE INC.
CA4901346,3.99872684332,2018,DELORES LANE WATER SYSTEM
CA4901225,0.46849367851,2018,THE RENTAL PLACE
CA4901274,9.28115502919,2018,NICHOLSON RANCH WINERY
CA4900794,6.67886520257,2018,SUNSET PARK COMMUNITY
CA4901214,0.7871702850000001,2018,ADOBE CHRISTIAN CHURCH
CA4901375,0.96176864377,2018,BROADWAY MARKET
CA4901362,0.20083736827,2018,STRIPE N SEAL
CA4901286,0.64530777586,2018,KELLER ESTATE WINERY
CA4901204,6.87102068103,2018,BENZIGER FAMILY WINERY
CA4900667,43.686661883700005,2018,COLLEGE PARK MUTUAL WATER COMPANY
CA4901408,0.26078813442,2018,WESTSIDE STORAGE WATER SYSTEM
CA4901094,0.76052925091,2018,LOMBARDI'S DELI & BBQ
CA4900945,4.63991309991,2018,PRESENTATION SCHOOL
CA4901083,1.03482663911,2018,VINEBURG DELI & GROCERY
CA4901027,0.7339557324,2018,CINNABAR THEATER
CA4901129,43.872977264490004,2018,VIANSA WINERY
CA4901407,0.79439138317,2018,SANTA ROSA LIQUOR AND DELI
CA4901069,0.66782422179,2018,SONOMA VALLEY MOOSE LODGE #2048
CA4900901,38.08344876391,2018,SOBRE VISTA WATER COMPANY
CA4901096,7.5277416588,2018,WESTERBEKE RANCH
CA4900924,0.111093818,2018,FREMONT DINER
CA4901086,2.2008820835100003,2018,KENDALL-JACKSON WINE CENTER
CA4900720,16.88552994018,2018,MOBILE HOME ESTATES
CA4901073,0.12777937293,2018,GRAY WATER SYSTEM
CA4900673,6.894687040043001,2018,ATHENA TERRACE MUTUAL WATER COMPANY
CA4910003,0,2018,PENNGROVE WATER COMPANY (PUC)
CA4910022,74.87163366,2018,CANON MANOR WATER SYSTEM
CA4901431,3.58454331114,2018,SARALEE 3575 SLUSSER ROAD
CA4901063,0.06051544191,2018,CAMPOBELLO
CA4900774,0.01823534438,2018,CLOVERLEAF RANCH SUMMER CAMP
CA4901321,0.27836366745,2018,SUNCE WINERY
CA4900897,60.477387674,2018,RODNEY STRONG VINEYARDS
CA4901383,1.00381550566,2018,LASSETER FAMILY WINERY
CA4900533,0,2018,MORTON'S WARM SPRINGS / SONOMA SPRINGS
CA4900546,12.076082150000001,2018,HAWKINS WATER CO-CAL WATER SERVICE (PUC)
CA4901080,3.78053183321,2018,SPEEDWAY SONOMA LLC
CA4901258,13.54634131565,2018,SONOMA LODGE
CA4910304,3.6740751080000003,2018,CSP-PETALUMA ADOBE STATE HISTORIC PARK
CA4901275,2.08055704439,2018,CORNERSTONE SONOMA
CA4900998,3.61351363274,2018,BOISSET - DE LOACH WINERY
CA4900513,7.0387140373,2018,MADRONE MUTUAL WATER COMPANY
CA4910202,0,2018,SONOMA DEVELOPMENTAL CENTER
CA4901198,0,2018,SONOMA DEVELOPMENTAL CENTER-CAMP VIA
CA4901300,9.512945222,2018,WINDY HILL WINERY
CA4910014,2359.97641,2019,"ROHNERT PARK, CITY OF"
CA2110003,0,2019,NORTH MARIN WATER DISTRICT
CA4910006,0,2019,"PETALUMA, CITY OF"
CA4910011,993.399693,2019,"SEBASTOPOL, CITY OF"
CA4910009,665.9491300000001,2019,"SANTA ROSA, CITY OF"
CA4910027,168.18385388981,2019,SONOMA STATE UNIVERSITY
CA4910023,487.10035858000003,2019,CALIFORNIA-AMERICAN LARKFIELD (PUC)
CA4910016,330.06525728,2019,"COTATI, CITY OF"
CA4910013,568.0072,2019,VALLEY OF THE MOON WATER DISTRICT
CA4910012,276.331755381,2019,"SONOMA, CITY OF"
CA4901321,0.41616296623000004,2019,SUNCE WINERY
CA4900774,0.01830899774,2019,CLOVERLEAF RANCH SUMMER CAMP
CA4900897,59.891536573,2019,RODNEY STRONG VINEYARDS
CA4901383,1.07239599049,2019,LASSETER FAMILY WINERY
CA4900533,3.92511951667,2019,MORTON'S WARM SPRINGS / SONOMA SPRINGS
CA4901370,51.850124106,2019,SUTTER SANTA ROSA REGIONAL HOSPITAL
CA4901258,10.02171501287,2019,SONOMA LODGE
CA4901080,4.03191075089,2019,SPEEDWAY SONOMA LLC
CA4910304,2.0715007500000002,2019,CSP-PETALUMA ADOBE STATE HISTORIC PARK
CA4900998,8.048194713900001,2019,BOISSET - DE LOACH WINERY
CA4900513,9.30484992888,2019,MADRONE MUTUAL WATER COMPANY
CA4900669,4.0207676113,2019,WENDELL LANE MUTUAL WATER COMPANY
CA4900799,20.85266256095,2019,EL PORTAL MOBILE ESTATES
CA4900546,0,2019,HAWKINS WATER CO-CAL WATER SERVICE (PUC)
CA4901234,1.242286672,2019,SONOMA SEVENTH DAY ADVENTIST CHURCH
CA4900558,28.182537537,2019,BELMONT TERRACE MUTUAL WATER COMPANY
CA4900909,1.13875459896,2019,CARNEROS DELI
CA4900949,0.09274185580000001,2019,SAINTS PETER & PAUL RUSSIAN CHURCH
CA4900580,19.167059384,2019,SONOMA MOUNTAIN COUNTY WATER DISTRICT
CA4900812,2.09912076,2019,FRIEDMAN BROTHERS HARDWARE
CA4900548,45.38581421,2019,HOLLAND HEIGHTS MUTUAL WATER COMPANY
CA4900723,30.452595470000002,2019,SHAMROCK MOBILE HOME PARK
CA4900743,0.690807139,2019,LA CANTERA RACQUET CLUB
CA4900795,21.077075142200002,2019,STONEGATE MOBILE HOME PARK
CA4900728,5.02377293,2019,EVERGREEN MOBILE ESTATES
CA4900797,8.3157098552,2019,NORTH STAR MOBILE HOME PARK
CA4900871,77.970674452,2019,DE ANZA MOON VALLEY WATER COMPANY
CA4901008,1.28844891538,2019,HESSEL CHURCH
CA4901413,0.42005124986000003,2019,EIGHTH STREET EAST PARTNERS
CA4901294,2.072421417,2019,WINE COUNTRY IND PARK-BLDGS A&B
CA4901247,4.187500405,2019,CARNEROS WAREHOUSING
CA4901061,7.2732693,2019,SONOMA WAREHOUSING
CA4901332,17.232431128,2019,WINE COUNTRY IND PARK - BLDG C
CA4901236,9.2879955850000009,2019,"VINO FARMS, INC. - PRESTON RANCH"
CA4900512,41.550315488,2019,HAPPY ACRES MUTUAL BENEFIT WATER SYSTEM
CA4900693,8.397096818,2019,BELLEVUE UNION SCH DIST-BELLEVUE SCHOOL
CA4901455,2.06777511754,2019,APERTURE CELLARS
CA4901278,50.136285573900004,2019,CLINE CELLARS
CA4901310,142.6086790546,2019,JACUZZI WINERY
CA4901324,0.55739328403,2019,FRITSCH INDUSTRIAL PARK
CA4901361,0.09607467034,2019,ANABA WINERY
CA4901445,10.32648034099,2019,JAMES COURT WATER SYSTEM
CA4900561,108.71262635343001,2019,WILLOWSIDE MUTUAL WATER COMPANY
CA4900553,11.1711585557,2019,PARK ROYAL MUTUAL WATER COMPANY
CA4901175,0.15291971981,2019,OAK GROVE SCHOOL DISTRICT OFFICE
CA4901394,0.24032784479,2019,NEVES FAMILY TRUST WATER SYSTEM
CA4901191,0.01265917125,2019,PARADISE RIDGE WINERY
CA4901340,0.24077590273000002,2019,FOG CREST WINERY
CA4901269,0.09518776113,2019,UNITED RENTALS
CA4901170,0.39839716202000003,2019,MICHAEL ELLIS SCHOOL FOR DOG TRAINERS
CA4900813,0.051161465190000005,2019,MIDGLEY'S COUNTRY FLEA MARKET
CA4901451,2.6566460063,2019,SPIDER WEB RANCH
CA4900817,0.7142442519300001,2019,CASA DEL MAR
CA4901250,8.372392253500001,2019,SONOMA WEST HOLDINGS INDUSTRIAL PARK
CA4900694,4.88922051684,2019,WRIGHT ELEMENTARY SCHOOL
CA4901447,0.96954521103,2019,DONUM ESTATE WATER SYSTEM
CA4900796,34.154290588,2019,SANTA ROSA MOBILE ESTATES
CA4901431,1.38739913565,2019,SARALEE 3575 SLUSSER ROAD
CA4901086,2.22087283297,2019,KENDALL-JACKSON WINE CENTER
CA4900708,3.4657281659000003,2019,GRAVENSTEIN SCHOOL DISTRICT-GRAVENSTEIN
CA4900792,12.02758448133,2019,WAYSIDE GARDENS MOBILE HOME PARK
CA4900559,20.75341465835,2019,FIRCREST MUTUAL WATER COMPANY
CA4900832,29.76139551308,2019,LEISURE MOBILE HOME PARK
CA4901232,15.409442952420001,2019,LA CREMA WINERY
CA4900787,10.84725869843,2019,PLAZA MOBILE HOME PARK
CA4900675,4.79689909897,2019,ROSELAND MOBILE HOME PARK
CA4900791,10.26706969948,2019,WESTERN MOBILE HOME PARK
CA4900798,22.7966048981,2019,"MOUNTAIN VIEW MOBILE ESTATES, LLC"
CA4900973,46.335942554,2019,GEORGE RANCH MUTUAL WATER COMPANY
CA4900545,35.414303168640004,2019,"BRANGER MUTUAL WATER COMPANY, INC."
CA4900788,3.8574259410500003,2019,EL CRYSTAL MOBILE HOME PARK
CA4900907,2.02744376516,2019,SUMMERFIELD WALDORF SCHOOL
CA4901433,0.33679533305000003,2019,FAT PILGRIM GENERAL STORE
CA4901156,1.6642897359,2019,WILLOWSIDE SCHOOL
CA4901365,0.65501774382,2019,MICHAEL LUCAS WATER SYSTEM
CA4900878,3.92478807655,2019,SANTA ROSA GOLF & COUNTRY CLUB
CA4900695,1.72161046332,2019,NORTHWEST PREP
CA4900699,1.5645446731200001,2019,OLIVET ELEMENTARY SCHOOL
CA4901254,8.74641322225,2019,KJ CARNEROS  HILLS WINERY
CA4901244,8.4805092482,2019,HUMANE SOCIETY OF SONOMA COUNTY
CA4901218,3.63499893163,2019,GROSKOPF WAREHOUSE & LOGISTICS
CA4901151,2.0177951750000003,2019,SCHUG CELLARS
CA4900560,12.208938558,2019,KELLY MUTUAL WATER COMPANY
CA4901312,7.50650494,2019,BALLETTO VINEYARDS
CA4901336,1.01316948238,2019,MERRIAM WINERY
CA4900986,1.20191542405,2019,BARTHOLOMEW FOUNDATION
CA4900721,34.78725221939,2019,COLONIAL PARK
CA4901165,0.21354871065,2019,JEHOVAH S WITNESSES HALL
CA4901028,16.57341155162,2019,GLORIA FERRER CAVES
CA4901398,0,2019,HOOK & LADDER VINEYARDS AND WINERY
CA4901328,1.5561389834100001,2019,COPAIN WINE CELLARS
CA4901079,0.8492539297,2019,PETALUMA LIVESTOCK AUCTION YARD
CA4901139,0,2019,WILLOWBROOK ALE HOUSE
CA4901018,0,2019,GUNDLACH BUNDSCHU WINERY
CA4901120,1.48703985617,2019,RAM'S GATE WINERY
CA4901387,0,2019,SONOMA CUTRER
CA4901390,11.61958783139,2019,CHALK HILL WINERY
CA4901262,0,2019,FRANCISCAN VINEYARDS DBA QUARRY WINERY
CA4901393,0,2019,BOISSET - BUENA VISTA WINERY
CA4900925,0,2019,SEBASTIANI VINEYARDS
CA4901446,0.27076509581,2019,SONOMA PACIFIC PALLET COMPANY
CA4901408,0.2545030477,2019,WESTSIDE STORAGE WATER SYSTEM
CA4900853,0.4298594223,2019,PACK JACK BAR-B-QUE/WITHERS WATER
CA4901275,2.0297638460000003,2019,CORNERSTONE SONOMA
CA4901362,0.7578316966,2019,STRIPE N SEAL
CA4901375,0.93547439425,2019,BROADWAY MARKET
CA4901193,0.24632138696,2019,SCHELLVILLE GRILL
CA4900794,7.200604122580001,2019,SUNSET PARK COMMUNITY
CA4901027,0.40256164575000003,2019,CINNABAR THEATER
CA4901366,15.65245607596,2019,LAURA CHENEL'S CHEVRE INC.
CA4901093,3.3762055757100002,2019,MARTINELLI RANCH
CA4901204,5.845020169560001,2019,BENZIGER FAMILY WINERY
CA4901214,0.6544101036000001,2019,ADOBE CHRISTIAN CHURCH
CA4901274,9.59547994966,2019,NICHOLSON RANCH WINERY
CA4901345,2.63165296614,2019,BUCKLEY FAMILY PARTNERSHIP
CA4901129,44.83802041389,2019,VIANSA WINERY
CA4901225,0.38736450247000004,2019,THE RENTAL PLACE
CA4901273,12.04366239604,2019,"S & W WAREHOUSING, LLC"
CA4901297,1.5463216043,2019,PORT SONOMA MARINA
CA4901298,4.01427690895,2019,LYNMAR WINERY
CA4900945,7.90167669863,2019,PRESENTATION SCHOOL
CA4901083,0.77970367563,2019,VINEBURG DELI & GROCERY
CA4901144,29.77316777512,2019,COHN WINERY
CA4900737,24.7037665886,2019,KOA - PETALUMA
CA4900033,0.93225205975,2019,WASHOE HOUSE
CA4901407,0.75881067251,2019,SANTA ROSA LIQUOR AND DELI
CA4901286,0.89183784734,2019,KELLER ESTATE WINERY
CA4900901,38.59129175,2019,SOBRE VISTA WATER COMPANY
CA4900588,0,2019,LAWNDALE MUTUAL WATER COMPANY
CA4900667,47.12477617738,2019,COLLEGE PARK MUTUAL WATER COMPANY
CA4900913,6.40200222233,2019,ROBIN WAY WATER SYSTEM
CA4901346,4.55740906115,2019,DELORES LANE WATER SYSTEM
CA4901069,0.72237067265,2019,SONOMA VALLEY MOOSE LODGE #2048
CA4901096,6.3315497146,2019,WESTERBEKE RANCH
CA4900924,0.07915281088000001,2019,FREMONT DINER
CA4901073,0.09686951285,2019,GRAY WATER SYSTEM
CA4900934,0.06351681633,2019,SONOMA WINE SHOP
CA4900673,13.66955111137,2019,ATHENA TERRACE MUTUAL WATER COMPANY
CA4901388,3.0545275948,2019,"HEIRS OF MY DREAM WINERY, INC."
CA4910003,0,2019,PENNGROVE WATER COMPANY (PUC)
CA4910022,77.81470824,2019,CANON MANOR WATER SYSTEM
CA4901300,3.75939025,2019,WINDY HILL WINERY
CA4910023,600.6861152600001,2020,CALIFORNIA-AMERICAN LARKFIELD (PUC)
CA4910027,159.889169,2020,SONOMA STATE UNIVERSITY
CA4900721,37.41000847342,2020,COLONIAL PARK
CA4900558,30.260789845,2020,BELMONT TERRACE MUTUAL WATER COMPANY
CA4900667,60.604807986800004,2020,COLLEGE PARK MUTUAL WATER COMPANY
CA4900925,85.53673734023,2020,SEBASTIANI VINEYARDS
CA4900998,7.45126492,2020,BOISSET - DE LOACH WINERY
CA4901018,7.53112971336,2020,GUNDLACH BUNDSCHU WINERY
CA4901120,0.9736176280600001,2020,RAM'S GATE WINERY
CA4901262,4.986639361,2020,FRANCISCAN VINEYARDS DBA QUARRY WINERY
CA4901390,11.16529390691,2020,CHALK HILL WINERY
CA4901393,4.47956052852,2020,BOISSET - BUENA VISTA WINERY
CA4900533,4.4348222501,2020,MORTON'S WARM SPRINGS / SONOMA SPRINGS
CA4910013,473.74,2020,VALLEY OF THE MOON WATER DISTRICT
CA4900909,0.93838983975,2020,CARNEROS DELI
CA4900588,0,2020,LAWNDALE MUTUAL WATER COMPANY
CA4900673,20.137783048790002,2020,ATHENA TERRACE MUTUAL WATER COMPANY
CA4901312,9.1759811,2020,BALLETTO VINEYARDS
CA2110003,0,2020,NORTH MARIN WATER DISTRICT
CA4901063,1.2994539549200002,2020,CAMPOBELLO
CA4900934,0.6241692615400001,2020,SONOMA WINE SHOP
CA4901300,2.08335894096,2020,WINDY HILL WINERY
CA4900546,13.73281320983,2020,HAWKINS WATER CO-CAL WATER SERVICE (PUC)
CA4900693,7.7013794550000005,2020,BELLEVUE UNION SCH DIST-BELLEVUE SCHOOL
CA4901028,10.38739166971,2020,GLORIA FERRER CAVES
CA4901455,6.0282513159,2020,APERTURE CELLARS
CA4900737,28.19614806415,2020,KOA - PETALUMA
CA4900945,5.98230389482,2020,PRESENTATION SCHOOL
CA4901027,0.41415591217000003,2020,CINNABAR THEATER
CA4901083,0.75645376499,2020,VINEBURG DELI & GROCERY
CA4901129,47.3263347348,2020,VIANSA WINERY
CA4901204,8.79906923687,2020,BENZIGER FAMILY WINERY
CA4901324,0.42367867784,2020,FRITSCH INDUSTRIAL PARK
CA4901214,0.43313392793,2020,ADOBE CHRISTIAN CHURCH
CA4901225,0.36015265484000003,2020,THE RENTAL PLACE
CA4901274,20.01502744879,2020,NICHOLSON RANCH WINERY
CA4901297,1.4179192467000001,2020,PORT SONOMA MARINA
CA4901298,3.5055869092200003,2020,LYNMAR WINERY
CA4901345,2.75067372701,2020,BUCKLEY FAMILY PARTNERSHIP
CA4901346,3.4370340444000003,2020,DELORES LANE WATER SYSTEM
CA4901366,20.14880036389,2020,LAURA CHENEL'S CHEVRE INC.
CA4901408,0.46195080503,2020,WESTSIDE STORAGE WATER SYSTEM
CA4901144,56.65461563883,2020,COHN WINERY
CA4900033,0.5534129337,2020,WASHOE HOUSE
CA4901375,0.79071485295,2020,BROADWAY MARKET
CA4900913,7.4216593381700005,2020,ROBIN WAY WATER SYSTEM
CA4901094,0.80068260767,2020,LOMBARDI'S DELI & BBQ
CA4901093,2.8018965700000003,2020,MARTINELLI RANCH
CA4900794,7.03577097179,2020,SUNSET PARK COMMUNITY
CA4900853,0.9266145088200001,2020,PACK JACK BAR-B-QUE/WITHERS WATER
CA4901407,0.8927830654600001,2020,SANTA ROSA LIQUOR AND DELI
CA4901286,1.1161737063400001,2020,KELLER ESTATE WINERY
CA4901193,0.68743136,2020,SCHELLVILLE GRILL
CA4901362,0.59260879678,2020,STRIPE N SEAL
CA4900901,58.950415421150005,2020,SOBRE VISTA WATER COMPANY
CA4901466,0.4381454253,2020,SANGIACOMO WINERY
CA4901275,1.31119245917,2020,CORNERSTONE SONOMA
CA4901446,0.09863719349,2020,SONOMA PACIFIC PALLET COMPANY
CA4900986,1.14203217348,2020,BARTHOLOMEW FOUNDATION
CA4900788,6.3079192616,2020,EL CRYSTAL MOBILE HOME PARK
CA4900799,21.617027924360002,2020,EL PORTAL MOBILE ESTATES
CA4900675,5.28395649309,2020,ROSELAND MOBILE HOME PARK
CA4900723,36.9801245,2020,SHAMROCK MOBILE HOME PARK
CA4900812,2.203769909,2020,FRIEDMAN BROTHERS HARDWARE
CA4901258,11.042424757980001,2020,SONOMA LODGE
CA4901080,0,2020,SPEEDWAY SONOMA LLC
CA4901370,52.65491595738,2020,SUTTER SANTA ROSA REGIONAL HOSPITAL
CA4901165,0.0663494018,2020,JEHOVAH S WITNESSES HALL
CA4901445,10.869440635350001,2020,JAMES COURT WATER SYSTEM
CA4901361,6.55594081362,2020,ANABA WINERY
CA4900817,0.4718725264,2020,CASA DEL MAR
CA4901447,1.0999208649,2020,DONUM ESTATE WATER SYSTEM
CA4901433,0.5201461661,2020,FAT PILGRIM GENERAL STORE
CA4900559,19.53261635413,2020,FIRCREST MUTUAL WATER COMPANY
CA4901340,0.16484542635000002,2020,FOG CREST WINERY
CA4900973,68.09820876650001,2020,GEORGE RANCH MUTUAL WATER COMPANY
CA4900708,4.6731215586,2020,GRAVENSTEIN SCHOOL DISTRICT-GRAVENSTEIN
CA4901218,2.1055961179000002,2020,GROSKOPF WAREHOUSE & LOGISTICS
CA4901398,4.7438901620000005,2020,HOOK & LADDER VINEYARDS AND WINERY
CA4901244,7.9914846955900005,2020,HUMANE SOCIETY OF SONOMA COUNTY
CA4900904,7.57567158282,2020,J VINEYARDS & WINERY
CA4901086,2.2594978825100003,2020,KENDALL-JACKSON WINE CENTER
CA4901254,3.22775109085,2020,KJ CARNEROS  HILLS WINERY
CA4900832,29.76526231448,2020,LEISURE MOBILE HOME PARK
CA4900513,10.23967371845,2020,MADRONE MUTUAL WATER COMPANY
CA4901170,0.5462010422,2020,MICHAEL ELLIS SCHOOL FOR DOG TRAINERS
CA4901365,0.2045722074,2020,MICHAEL LUCAS WATER SYSTEM
CA4900813,0.11398164349,2020,MIDGLEY'S COUNTRY FLEA MARKET
CA4901394,0.29987965524,2020,NEVES FAMILY TRUST WATER SYSTEM
CA4900695,1.99941866168,2020,NORTHWEST PREP
CA4901175,0.08584299108,2020,OAK GROVE SCHOOL DISTRICT OFFICE
CA4900699,1.09565817669,2020,OLIVET ELEMENTARY SCHOOL
CA4901191,3.71704570578,2020,PARADISE RIDGE WINERY
CA4900553,13.417165597770001,2020,PARK ROYAL MUTUAL WATER COMPANY
CA4900787,6.2721053153,2020,PLAZA MOBILE HOME PARK
CA4900878,2.61224530578,2020,SANTA ROSA GOLF & COUNTRY CLUB
CA4900796,32.70766187535,2020,SANTA ROSA MOBILE ESTATES
CA4901431,0.68748046224,2020,SARALEE 3575 SLUSSER ROAD
CA4901151,1.6347670141000001,2020,SCHUG CELLARS
CA4901250,4.71219773497,2020,SONOMA WEST HOLDINGS INDUSTRIAL PARK
CA4901451,2.7617554888,2020,SPIDER WEB RANCH
CA4900907,1.55004723676,2020,SUMMERFIELD WALDORF SCHOOL
CA4901269,0.42575938526,2020,UNITED RENTALS
CA4900792,11.5385046887,2020,WAYSIDE GARDENS MOBILE HOME PARK
CA4900669,4.7575283091600005,2020,WENDELL LANE MUTUAL WATER COMPANY
CA4900791,11.608797614150001,2020,WESTERN MOBILE HOME PARK
CA4900561,117.39065243092,2020,WILLOWSIDE MUTUAL WATER COMPANY
CA4901156,13.533534837680001,2020,WILLOWSIDE SCHOOL
CA4900694,1.7737232844100002,2020,WRIGHT ELEMENTARY SCHOOL
CA4910003,0,2020,PENNGROVE WATER COMPANY (PUC)
CA4900560,13.467022591800001,2020,KELLY MUTUAL WATER COMPANY
CA4900949,0.08721785380000001,2020,SAINTS PETER & PAUL RUSSIAN CHURCH
CA4901008,0.975261939322,2020,HESSEL CHURCH
CA4900897,52.638215058,2020,RODNEY STRONG VINEYARDS
CA4900548,55.95814026000001,2020,HOLLAND HEIGHTS MUTUAL WATER COMPANY
CA4900580,21.945325501,2020,SONOMA MOUNTAIN COUNTY WATER DISTRICT
CA4901139,0.2380844862,2020,WILLOWBROOK ALE HOUSE
CA4901079,0.5027578353600001,2020,PETALUMA LIVESTOCK AUCTION YARD
CA4900797,8.3743563431,2020,NORTH STAR MOBILE HOME PARK
CA4900728,5.17721743,2020,EVERGREEN MOBILE ESTATES
CA4900795,20.924612687,2020,STONEGATE MOBILE HOME PARK
CA4901278,50.136285573900004,2020,CLINE CELLARS
CA4901328,1.18480022452,2020,COPAIN WINE CELLARS
CA4900871,83.163543221,2020,DE ANZA MOON VALLEY WATER COMPANY
CA4901232,15.248725183120001,2020,LA CREMA WINERY
CA4901096,6.2520654636,2020,WESTERBEKE RANCH
CA4901069,0.5664864051,2020,SONOMA VALLEY MOOSE LODGE #2048
CA4901234,1.493628763,2020,SONOMA SEVENTH DAY ADVENTIST CHURCH
CA4910022,94.08426327,2020,CANON MANOR WATER SYSTEM
CA4900774,0.01269292904,2020,CLOVERLEAF RANCH SUMMER CAMP
CA4901383,1.209756438,2020,LASSETER FAMILY WINERY
CA4900512,47.522682317000005,2020,HAPPY ACRES MUTUAL BENEFIT WATER SYSTEM
CA4910304,0.93844814866,2020,CSP-PETALUMA ADOBE STATE HISTORIC PARK
CA4900720,18.613891961500002,2020,MOBILE HOME ESTATES
CA4901336,0.5423342408,2020,MERRIAM WINERY
CA4901409,0,2020,SCRIBE WINERY
CA4901468,0,2020,BRICOLEUR VINEYARDS
CA4901310,142.6086790546,2020,JACUZZI WINERY
CA4901073,0.09507114331000001,2020,GRAY WATER SYSTEM
CA4900743,0.36120835300000004,2020,LA CANTERA RACQUET CLUB
CA4901413,0.460947278,2020,EIGHTH STREET EAST PARTNERS
CA4901247,4.042035019,2020,CARNEROS WAREHOUSING
CA4901061,6.775495342,2020,SONOMA WAREHOUSING
CA4901332,16.664072700000002,2020,WINE COUNTRY IND PARK - BLDG C
CA4901294,1.9083892465,2020,WINE COUNTRY IND PARK-BLDGS A&B
CA4901321,0.45769732349000003,2020,SUNCE WINERY
CA4900924,0.09399396292000001,2020,FREMONT DINER
